Biology
BOSTA,Bost,Anne
BURTONP,Burton,Patrick
CARLSOB,Carlson,Brad
ELRODM,Elrod,Mark
INGRAMA,Ingram,Amanda
SORENSEE,Sorensen-Kamakian,Erika
WALSHH,Walsh,Heidi
Chemistry
BURKEB,Burke,Bill
FELLERS,Feller,Scott
NOVAKW,Novak,Walter
PORTERL,Porter,Lon
ROARKMA,Roark,Matt
SCHMITTP,Schmitt,Paul
TAYLORA,Taylor,Ann
WEISSC,Weiss,Charles
WYSOCKIL,Wysocki,Laura
Mathematics and Computer Science
FOOTER,Foote,Robert
MCKINNEC,McKinney,Colin
POFFALDE,Poffald,Esteban
THOMPSOP,Thompson,Peter
TURNERW,Turner,William J.
VICINSKD,Vicinski,Deborah
WESTPHAC,Westphal,Chad
Physics
BROWNJ,Brown,James
KRAUSED,Krause,Dennis
MADSENM,Madsen,Martin
MCDERMOD,McDermott,Danielle
ROARKMA,Roark,Matt
Art
CONNERSL,Conners,Laura
MATUSZAJ,Matuszak,Joanna
MOHLD,Mohl,Damon
WEEDMANM,Weedman,Matt
STRADERA,Strader,Annie
Music
ABELA,Abel,Alfred
BOWENR,Bowen,Richard
HULENP,Hulen,Peter
MAKUBUYA,Makubuya,James
SPENCERR,Spencer,Reed
STRANDBK,Strandberg,Kristen
Rhetoric
ABBOTTJ,Abbott,Jennifer
DRURYJ,Drury,Jeff
DRURYS,Drury,Sara
MCDORMAT,McDorman,Todd
Theater
ABBOTTM,Abbott,Michael
BEARA,Bear,Andrea
CHERRYJ,Cherry,James
DREHERB,Dreher,Bridgette
MILLSJ,Mills,Jessie
WATSOND,Watson,Dwight
Classics
BLUMJ,Blum,Jessica
HARTNETJ,Hartnett,Jeremy
KUBIAKD,Kubiak,David
English
BENEDICC,Benedicks,Crystal
FREEZEE,Freeze,Eric
FREEZER,Freeze,Rixa
KLEINA,Klein,Andrew
LAKET,Lake,Tim
LAMBERTJ,Lamberton,Jill
MONGD,Mong,Derek
BREWERA,Szczeszak-Brewer,Agata

French
HUDSONK,Hudson,Kevin
POUILLEA,Pouille,Adrien

German
TUCKERB,Tucker,Brian
REDDINGG,Redding,J. Gregory

Spanish
WILSONI,Wilson,Ivette
GOMEZG,Gomez,Gilberto
HARDYJ,Hardy,Jane
ROGERSD,Rogers,Daniel

Modern Languages and Literatures
LIY,Li,Yao

Philosophy
CARLSONM,Carlson,Matthew
GOWERJ,Gower,Jeffrey
HUGHESC,Hughes,Cheryl
Religion
BLIXD,Blix,David
NELSOND,Nelson,Derek
PHILLIPG,Phillips,Gary
ROYALTYR,Royalty,Robert Jr.
Economics
BURNETTJ,Burnette,Joyce
BYUNC,Byun,Christie
HENSLEYE,Hensley,Ed
MIKEKP,Mikek,Peter
SNOWN,Snow,Nicholas
TANGB,Tang,Biyan
WIDDOWSK,Widdows,Kealoha
Education
PHILLIPA,Phillips,Alice
PITTARDM,Pittard,Michele
SELTZERD,Seltzer-Kelly,Deborah
History
MORILLOS,Morillo,Stephen
RHOADESM,Rhoades,Michelle
THOMASS,Thomas,Sabrina
VADLAMUS,Vadlamudi,Sundara
WARNERRI,Warner,Richard Jr
Political Science
GELBMANS,Gelbman,Shamira
HIMSELS,Himsel,Scott
HOLLANDE,Hollander,Ethan
MCCARYL,McCrary,Lorraine
WELLSM,Wells,Matthew
Psychology
BOSTP,Bost,Preston
GUNTHERK,Gunther,Karen
HORTONR,Horton,Bobby
OLOFSONE,Olofson,Eric
TORBERTN,Schmitzer-Torbert,Neil
