BOSTA,Bost,Anne,"BIO"
BURTONP,Burton,Patrick,"BIO"
CARLSOB,Carlson,Brad,"BIO"
ELRODM,Elrod,Mark,"BIO"
INGRAMA,Ingram,Amanda,"BIO"
SORENSEE,Sorensen-Kamakian,Erika,"BIO"
WALSHH,Walsh,Heidi,"BIO"
BURKEB,Burke,Bill,"CHE"
FELLERS,Feller,Scott,"CHE"
NOVAKW,Novak,Walter,"CHE"
PORTERL,Porter,Lon,"CHE"
ROARKMA,Roark,Matt,"CHE"
SCHMITTP,Schmitt,Paul,"CHE"
TAYLORA,Taylor,Ann,"CHE"
WEISSC,Weiss,Charles,"CHE"
WYSOCKIL,Wysocki,Laura,"CHE"
FOOTER,Foote,Robert,"CSC,MAT"
MCKINNEC,McKinney,Colin,"CSC,MAT"
POFFALDE,Poffald,Esteban,"CSC,MAT"
THOMPSOP,Thompson,Peter,"CSC,MAT"
TURNERW,Turner,William J.,"CSC,MAT"
VICINSKD,Vicinski,Deborah,"CSC,MAT"
WESTPHAC,Westphal,Chad,"CSC,MAT"
BROWNJ,Brown,James,"PHY"
KRAUSED,Krause,Dennis,"PHY"
MADSENM,Madsen,Martin,"PHY"
MCDERMOD,McDermott,Danielle,"PHY"
ROARKMA,Roark,Matt,"PHY"
CONNERSL,Conners,Laura,"ART"
MATUSZAJ,Matuszak,Joanna,"ART"
MOHLD,Mohl,Damon,"ART"
WEEDMANM,Weedman,Matt,"ART"
STRADERA,Strader,Annie,"ART"
ABELA,Abel,Alfred,"MUS"
BOWENR,Bowen,Richard,"MUS"
HULENP,Hulen,Peter,"MUS"
MAKUBUYA,Makubuya,James,"MUS"
SPENCERR,Spencer,Reed,"MUS"
STRANDBK,Strandberg,Kristen,"MUS"
ABBOTTJ,Abbott,Jennifer,"RHE"
DRURYJ,Drury,Jeff,"RHE"
DRURYS,Drury,Sara,"RHE"
MCDORMAT,McDorman,Todd,"RHE"
ABBOTTM,Abbott,Michael,"THE"
BEARA,Bear,Andrea,"THE"
CHERRYJ,Cherry,James,"THE"
DREHERB,Dreher,Bridgette,"THE"
MILLSJ,Mills,Jessie,"THE"
WATSOND,Watson,Dwight,"THE"
BLUMJ,Blum,Jessica,"CLA"
HARTNETJ,Hartnett,Jeremy,"CLA"
KUBIAKD,Kubiak,David,"CLA"
BENEDICC,Benedicks,Crystal,"ENG"
FREEZEE,Freeze,Eric,"ENG"
FREEZER,Freeze,Rixa,"ENG"
KLEINA,Klein,Andrew,"ENG"
LAKET,Lake,Tim,"ENG"
LAMBERTJ,Lamberton,Jill,"ENG"
MONGD,Mong,Derek,"ENG"
BREWERA,Szczeszak-Brewer,Agata,"ENG"
HUDSONK,Hudson,Kevin,"FRE"
POUILLEA,Pouille,Adrien,"FRE"
TUCKERB,Tucker,Brian,"GER"
REDDINGG,Redding,J. Gregory,"GER"
WILSONI,Wilson,Ivette,"SPA"
GOMEZG,Gomez,Gilberto,"SPA"
HARDYJ,Hardy,Jane,"SPA"
ROGERSD,Rogers,Daniel,"SPA"
LIY,Li,Yao,"MLL"
CARLSONM,Carlson,Matthew,"PHI"
GOWERJ,Gower,Jeffrey,"PHI"
HUGHESC,Hughes,Cheryl,"PHI"
BLIXD,Blix,David,"REL"
NELSOND,Nelson,Derek,"REL"
PHILLIPG,Phillips,Gary,"REL"
ROYALTYR,Royalty,Robert Jr.,"REL"
BURNETTJ,Burnette,Joyce,"ECO"
BYUNC,Byun,Christie,"ECO"
HENSLEYE,Hensley,Ed,"ECO"
MIKEKP,Mikek,Peter,"ECO"
SNOWN,Snow,Nicholas,"ECO"
TANGB,Tang,Biyan,"ECO"
WIDDOWSK,Widdows,Kealoha,"ECO"
PHILLIPA,Phillips,Alice,"EDU"
PITTARDM,Pittard,Michele,"EDU"
SELTZERD,Seltzer-Kelly,Deborah,"EDU"
MORILLOS,Morillo,Stephen,"HIS"
RHOADESM,Rhoades,Michelle,"HIS"
THOMASS,Thomas,Sabrina,"HIS"
VADLAMUS,Vadlamudi,Sundara,"HIS"
WARNERRI,Warner,Richard Jr,"HIS"
GELBMANS,Gelbman,Shamira,"PSC"
HIMSELS,Himsel,Scott,"PSC"
HOLLANDE,Hollander,Ethan,"PSC"
MCCARYL,McCrary,Lorraine,"PSC"
WELLSM,Wells,Matthew,"PSC"
BOSTP,Bost,Preston,"PSY"
GUNTHERK,Gunther,Karen,"PSY"
HORTONR,Horton,Bobby,"PSY"
OLOFSONE,Olofson,Eric,"PSY"
TORBERTN,Schmitzer-Torbert,Neil,"PSY"
